title,link
Authentic Vandyvape Pulse AIO Kit - Black,https://www.cigabuy.com/authentic-vandyvape-pulse-aio-kit-black-p-22316.html
Authentic asMODus Minikin 3 200W Touch Screen Box Mod - Black,https://www.cigabuy.com/authentic-asmodus-minikin-3-200w-touch-screen-box-mod-black-p-15872.html
Authentic asMODus Minikin 3 200W Touch Screen Box Mod - Black,https://www.cigabuy.com/authentic-asmodus-minikin-3-200w-touch-screen-box-mod-black-p-15494.html
Authentic asMODus Colossal 80W Box Mod - Peal White,https://www.cigabuy.com/authentic-asmodus-colossal-80w-box-mod-peal-white-p-22235.html
Authentic Vandyvape Pulse AIO Kit - Frosted Black,https://www.cigabuy.com/authentic-vandyvape-pulse-aio-kit-frosted-black-p-22317.html
Authentic Uwell Whirl S Pen Kit - Dark gray,https://www.cigabuy.com/authentic-uwell-whirl-s-pen-kit-dark-gray-p-20634.html
Authentic Steam Crave Aromamizer Plus V2 RDTA Advanced Kit - Gold,https://www.cigabuy.com/authentic-steam-crave-aromamizer-plus-v2-rdta-advanced-kit-gold-p-22336.html
Authentic Hellvape Helheim S RDTA - Matte Full Black,https://www.cigabuy.com/authentic-hellvape-helheim-s-rdta-matte-full-black-p-22517.html
Authentic LostVape Orion DNA GO 40W Pod System Kit - Purple textured cabon fiber,https://www.cigabuy.com/authentic-lostvape-orion-dna-go-40w-pod-system-kit-purple-textured-cabon-fiber-p-22555.html
Authentic Demon Killer Muscle Cotton by Wick N Vape,https://www.cigabuy.com/authentic-demon-killer-muscle-cotton-by-wick-n-vape-p-9848.html
Authentic Vandyvape Pulse AIO Kit - Frosted White,https://www.cigabuy.com/authentic-vandyvape-pulse-aio-kit-frosted-white-p-22321.html
Authentic BP MODS Pioneer Insider for Billet Box,https://www.cigabuy.com/authentic-bp-mods-pioneer-insider-for-billet-box-p-22512.html
Authentic Geekvape L200 Aegis Legend 2 Kit - Classic Black,https://www.cigabuy.com/authentic-geekvape-l200-aegis-legend-2-kit-classic-black-p-21204.html
Authentic Lost Vape Orion DNA GO 40W Pod System Kit - Purple Ocean scallop,https://www.cigabuy.com/authentic-lost-vape-orion-dna-go-40w-pod-system-kit-purple-ocean-scallop-p-22556.html
Authentic Hellvape Helheim S RDTA - Stainless steel,https://www.cigabuy.com/authentic-hellvape-helheim-s-rdta-stainless-steel-p-22513.html
Authentic Steam Crave Aromamizer Plus V2 RDTA Advanced Kit - Silver,https://www.cigabuy.com/authentic-steam-crave-aromamizer-plus-v2-rdta-advanced-kit-silver-p-18332.html
Authentic Steam Crave Aromamizer Plus V2 RDTA Advanced Kit - Black,https://www.cigabuy.com/authentic-steam-crave-aromamizer-plus-v2-rdta-advanced-kit-black-p-18331.html
Authentic asMODus Colossal 80W Box Mod - Peal White,https://www.cigabuy.com/authentic-asmodus-colossal-80w-box-mod-peal-white-p-22082.html
Authentic Geekvape L200 Aegis Legend 2 MOD - Classic Black,https://www.cigabuy.com/authentic-geekvape-l200-aegis-legend-2-mod-classic-black-p-21211.html
Authentic Wotofo MDura MOD - King Kong Black,https://www.cigabuy.com/authentic-wotofo-mdura-mod-king-kong-black-p-21610.html
Authentic BP MODS Pioneer DotRBA MTL / RDL RBA for Dotmod AIO,https://www.cigabuy.com/authentic-bp-mods-pioneer-dotrba-mtl-rdl-rba-for-dotmod-aio-p-22511.html
Authentic Vandyvape Pulse AIO Kit - Frosted Green,https://www.cigabuy.com/authentic-vandyvape-pulse-aio-kit-frosted-green-p-22319.html
Authentic VGOD Pro 200W TC Starter Kit - Grey,https://www.cigabuy.com/authentic-vgod-pro-200w-tc-starter-kit-grey-p-13198.html
Authentic Joyetech Exceed D19 40W 1500mAh Starter Kit - Silver,https://www.cigabuy.com/authentic-joyetech-exceed-d19-40w-1500mah-starter-kit-silver-p-11175.html
Authentic Hellvape Helheim S RDTA - Gunmetal,https://www.cigabuy.com/authentic-hellvape-helheim-s-rdta-gunmetal-p-22516.html
Authentic YiHi SXmini SL Class V2 Mod - Gunmetal Tang,https://www.cigabuy.com/authentic-yihi-sxmini-sl-class-v2-mod-gunmetal-tang-p-22625.html
Authentic VGOD Pro 200W TC Starter Kit - Red,https://www.cigabuy.com/authentic-vgod-pro-200w-tc-starter-kit-red-p-13197.html
Authentic Geekvape L200 Aegis Legend 2 Kit - Rainbow,https://www.cigabuy.com/authentic-geekvape-l200-aegis-legend-2-kit-rainbow-p-21208.html
Authentic Dovpo Topside Dual 200W Squonker Box Mod - Black,https://www.cigabuy.com/authentic-dovpo-topside-dual-200w-squonker-box-mod-black-p-14040.html
Authentic Dovpo × Vaping Bogan Blotto Max RTA - Black,https://www.cigabuy.com/authentic-dovpo-×-vaping-bogan-blotto-max-rta-black-p-22535.html
Authentic Steam Crave Aromamizer Classic MTL RTA - SS,https://www.cigabuy.com/authentic-steam-crave-aromamizer-classic-mtl-rta-ss-p-22269.html
Authentic MECHLYFE Paramour SBS 80W TC MOD - Full Black,https://www.cigabuy.com/authentic-mechlyfe-paramour-sbs-80w-tc-mod-full-black-p-21816.html
20 x Vandy Vape Ni80 Triple Fused Clapton Coil 28ga*3+38ga 0.41ohm 10pcs/pack,https://www.cigabuy.com/20-x-vandy-vape-ni80-triple-fused-clapton-coil-28ga338ga-041ohm-10pcspack-p-21691.html
Authentic Dovpo × Vaping Bogan Blotto Max RTA - Gunmetal,https://www.cigabuy.com/authentic-dovpo-×-vaping-bogan-blotto-max-rta-gunmetal-p-22534.html
Authentic Vandyvape Pulse AIO Kit - Frosted Blue,https://www.cigabuy.com/authentic-vandyvape-pulse-aio-kit-frosted-blue-p-22318.html
Authentic Wismec Reuleaux RX G 100W Mod - Mecha,https://www.cigabuy.com/authentic-wismec-reuleaux-rx-g-100w-mod-mecha-p-22167.html
Authentic Uwell Whirl S Pen Kit - Blue,https://www.cigabuy.com/authentic-uwell-whirl-s-pen-kit-blue-p-20635.html
Authentic Wotofo Profile Unity RTA 3.5/5ml 25MM - Gunmetal,https://www.cigabuy.com/authentic-wotofo-profile-unity-rta-355ml-25mm-gunmetal-p-14165.html
Authentic Uwell Valyrian 3 Tank - Black,https://www.cigabuy.com/authentic-uwell-valyrian-3-tank-black-p-22560.html
Authentic Vandyvape GAUR-21 Mod - Carbon Fiber Black,https://www.cigabuy.com/authentic-vandyvape-gaur-21-mod-carbon-fiber-black-p-20363.html
Authentic Geekvape L200 Aegis Legend 2 Kit - Navy Blue,https://www.cigabuy.com/authentic-geekvape-l200-aegis-legend-2-kit-navy-blue-p-21207.html
Authentic YiHi SXmini G Class V2 Mod - Space Gray,https://www.cigabuy.com/authentic-yihi-sxmini-g-class-v2-mod-space-gray-p-22621.html
Steam Crave T-shirt - XXL,https://www.cigabuy.com/steam-crave-t-shirt-xxl-p-22537.html
Authentic Wotofo Profile Unity RTA 3.5/5ml 25MM - Black,https://www.cigabuy.com/authentic-wotofo-profile-unity-rta-355ml-25mm-black-p-14166.html
Authentic Uwell Caliburn A2 Pod Kit - Black,https://www.cigabuy.com/authentic-uwell-caliburn-a2-pod-kit-black-p-21866.html
Authentic Wotofo Gear V2 RTA - Black,https://www.cigabuy.com/authentic-wotofo-gear-v2-rta-black-p-22384.html
Authentic Steam Crave Aromamizer Plus V2 RDTA Advanced Kit - Gunmetal,https://www.cigabuy.com/authentic-steam-crave-aromamizer-plus-v2-rdta-advanced-kit-gunmetal-p-18330.html
Authentic Steam Crave Titan PWM V1.5 Mod - Gunmetal,https://www.cigabuy.com/authentic-steam-crave-titan-pwm-v15-mod-gunmetal-p-19520.html
Authentic Uwell Valyrian 3 200W Kit - Midnight Black,https://www.cigabuy.com/authentic-uwell-valyrian-3-200w-kit-midnight-black-p-22559.html
Authentic YiHi SXmini SL Class V2 Mod - Black Silver,https://www.cigabuy.com/authentic-yihi-sxmini-sl-class-v2-mod-black-silver-p-22622.html
Authentic Wotofo Profile RDTA  - Black,https://www.cigabuy.com/authentic-wotofo-profile-rdta-black-p-19384.html
8 x Authentic Uwell Crown 5 FeCrAl UN2 Single Meshed Coil 0.23ohm 4pcs/pack,https://www.cigabuy.com/8-x-authentic-uwell-crown-5-fecral-un2-single-meshed-coil-023ohm-4pcspack-p-21692.html
Authentic Steam Crave Titan PWM V1.5 Mod - Silver,https://www.cigabuy.com/authentic-steam-crave-titan-pwm-v15-mod-silver-p-19518.html
Authentic Geekvape L200 Aegis Legend 2 MOD - Silver,https://www.cigabuy.com/authentic-geekvape-l200-aegis-legend-2-mod-silver-p-21213.html
4 x Authentic Uwell Crown 5 FeCrAl UN2-3 Triple Meshed Coil 0.2ohm,https://www.cigabuy.com/4-x-authentic-uwell-crown-5-fecral-un2-3-triple-meshed-coil-02ohm-p-20282.html
Authentic Steam Crave Hadron Lite SBS MOD - Black,https://www.cigabuy.com/authentic-steam-crave-hadron-lite-sbs-mod-black-p-22273.html
